<?xml version="1.0" encoding="UTF-8"?>

<beans xmlns="http://www.springframework.org/schema/beans"
	xmlns:context="http://www.springframework.org/schema/context"
	xmlns:xsi="http://www.w3.org/2001/XMLSchema-instance"
	xmlns:mvc="http://www.springframework.org/schema/mvc"
	xmlns:tx="http://www.springframework.org/schema/tx"
	xsi:schemaLocation="
        http://www.springframework.org/schema/beans    
        http://www.springframework.org/schema/beans/spring-beans-2.5.xsd
        http://www.springframework.org/schema/context
        http://www.springframework.org/schema/context/spring-context.xsd
        http://www.springframework.org/schema/mvc
        http://www.springframework.org/schema/mvc/spring-mvc.xsd
        http://www.springframework.org/schema/tx
        http://www.springframework.org/schema/tx/spring-tx-3.0.xsd">
        
        <bean id="emp" class="com.capgemini1.Employee1">
        <property name="employeeId" value="12345"/>
        <property name="employeeName" value="Harriet"/>
        <property name="salary" value="40000"/>
        <property name="businessUnit" ref="buisinessUnit"/>
        <property name="age" value="30"/>
        </bean>
        
        <bean id="buisinessUnit" class="com.capgemini1.SBU">
        <property name="sbuId" value="123"/>
        <property name="sbuName" value="Product Engineering Services"/>
        <property name="sbuHead" value="KiranRao"/></bean>
        </beans>